1,N/A,N/A,2025-07-31T16:18:50.369Z
2,N/A,N/A,2025-07-31T16:18:50.521Z
3,N/A,N/A,2025-07-31T16:18:50.523Z
4,N/A,N/A,2025-07-31T16:18:50.652Z
5,N/A,N/A,2025-07-31T16:18:50.786Z
6,N/A,N/A,2025-07-31T16:18:50.956Z
7,N/A,N/A,2025-07-31T16:18:51.114Z
8,N/A,N/A,2025-07-31T16:18:51.135Z
9,N/A,N/A,2025-07-31T16:18:51.142Z
10,N/A,N/A,2025-07-31T16:18:51.462Z
11,N/A,N/A,2025-07-31T16:18:51.520Z
12,N/A,N/A,2025-07-31T16:18:51.538Z
13,N/A,N/A,2025-07-31T16:18:51.658Z
14,N/A,N/A,2025-07-31T16:18:51.699Z
15,N/A,N/A,2025-07-31T16:18:51.750Z
16,N/A,N/A,2025-07-31T16:18:51.760Z
17,N/A,N/A,2025-07-31T16:18:51.763Z
18,N/A,N/A,2025-07-31T16:18:51.764Z
19,N/A,N/A,2025-07-31T16:18:51.771Z
20,N/A,N/A,2025-07-31T16:18:51.789Z
21,N/A,N/A,2025-07-31T16:18:51.812Z
22,N/A,N/A,2025-07-31T16:18:51.853Z
23,N/A,N/A,2025-07-31T16:18:51.863Z
24,N/A,N/A,2025-07-31T16:18:51.878Z
25,N/A,N/A,2025-07-31T16:18:51.882Z
26,N/A,N/A,2025-07-31T16:18:51.902Z
27,N/A,N/A,2025-07-31T16:18:51.906Z
28,N/A,N/A,2025-07-31T16:18:51.913Z
29,N/A,N/A,2025-07-31T16:18:51.925Z
30,N/A,N/A,2025-07-31T16:18:51.936Z
31,N/A,N/A,2025-07-31T16:18:51.968Z
32,N/A,N/A,2025-07-31T16:18:51.977Z
33,N/A,N/A,2025-07-31T16:18:51.998Z
34,N/A,N/A,2025-07-31T16:18:52.073Z
35,N/A,N/A,2025-07-31T16:18:52.098Z
36,N/A,N/A,2025-07-31T16:18:52.146Z
37,N/A,N/A,2025-07-31T16:18:52.159Z
38,N/A,N/A,2025-07-31T16:18:52.211Z
39,N/A,N/A,2025-07-31T16:18:52.222Z
40,N/A,N/A,2025-07-31T16:18:52.328Z
41,N/A,N/A,2025-07-31T16:18:52.384Z
42,N/A,N/A,2025-07-31T16:18:52.388Z
43,N/A,N/A,2025-07-31T16:18:52.423Z
44,N/A,N/A,2025-07-31T16:18:52.459Z
45,N/A,N/A,2025-07-31T16:18:52.498Z
46,N/A,N/A,2025-07-31T16:18:52.717Z
47,N/A,N/A,2025-07-31T16:18:52.817Z
48,N/A,N/A,2025-07-31T16:18:52.932Z
49,N/A,N/A,2025-07-31T16:18:53.087Z
50,N/A,N/A,2025-07-31T16:18:53.302Z
